{
"eop":{
    "omega":-1.6903,
    "phi":0.7646,
    "kappa":3.0347,
    "X_ini":417134.23814538855,
    "Y_ini":6717008.331931953,
    "Z_ini":1404.095157701494},
"iop":{
    "DCx":2728,
    "DCy":1816,
    "Foc":4664.1551782042625,
	"R1":0.000000001,
	"R3":0.0000000000000001,
	"R5":0.00000000000000000000001
    }   
}
