{
"eop":{
    "omega":-1.49,
    "phi":0.86,
    "kappa":3.03,
    "X_ini":417139.86,
    "Y_ini":6717015.99,
    "Z_ini":1402.75},
"iop":{
    "DCx":2657.3,
    "DCy":1804.5,
    "Foc":4835.57,
	"K1":-0.20352821532718512,
	"K2":0.3507226627208408,
	"K3":-0.35239733401991197,
	"K4":0,
	"K5":0,
	"K6":0,
	"P1":0.0004451979968450356,
	"P2":-0.0008794392455122965,
	"P3":0,
	"P4":0,
	"P5":0,
	"P6":0,
	"P7":0
    }   
}
