{
"eop":{
    "omega":0,
    "phi":0,
    "kappa":0,
    "X_ini":209.89527614679403023,
    "Y_ini":91.205,
    "Z_ini":107.031846453497209},
"iop":{
    "x0":0,
    "y0":0,
    "Foc":2011.887
    }   
}
