{
"eop":{
    "omega":0,
    "phi":0,
    "kappa":0,
    "X_ini":209.89527614679403023,
    "Y_ini":91.205,
    "Z_ini":107.031846453497209},
"iop":{
    "DCx":704.5,
    "DCy":469,
    "Foc":2011.887,
	"R1":1,
	"R3":0,
	"R5":0
    }   
}
