{
"eop":{
    "omega":0,
    "phi":-1.6,
    "kappa":0,
    "X_ini":209.89527614679403023,
    "Y_ini":91.205,
    "Z_ini":107.031846453497209},
"iop":{
    "DCx":704.5,
    "DCy":469,
    "Foc":2011.887,
	"K1":0,
	"K2":0,
	"K3":0,
	"K4":0,
	"K5":0,
	"K6":0,
	"P1":0,
	"P2":0,
	"P3":0,
	"P4":0,
	"P5":0,
	"P6":0,
	"P7":0
    }   
}
